readout,dataset,selected_method,n_seeds,pca_ba,zero_ba,selected_mrbi_ba,delta_selected_zero
logreg,breast_cancer,hybrid_qnn_lenient_qnn_oriented_qnn,10,0.94375,0.9166666666666667,0.9166666666666666,-1.1102230246251566e-17
logreg,wine_binary,hybrid_standard_residual_only_qnn,10,0.9575396825396825,0.9496031746031746,0.9503968253968255,0.0007936507936508019
logreg,wine_0_vs_2,hybrid_aggressive_full_light_qnn,10,1.0,0.9966666666666667,0.9972222222222221,0.0005555555555555536
logreg,wine_1_vs_2,hybrid_standard_full_balanced_qnn,10,0.9785714285714286,0.9504761904761905,0.9528571428571428,0.0023809523809523838
logreg,digits_1_vs_7,hybrid_always_trigger_qnn_oriented_qnn,10,0.9958333333333333,0.98125,0.9833333333333334,0.0020833333333333147
logreg,digits_2_vs_7,forced_qnn_exploratory_qnn,10,0.9729166666666667,0.9729166666666668,0.9729166666666667,1.1102230246251566e-17
logreg,digits_3_vs_8,hybrid_aggressive_no_detector_qnn,10,0.9395833333333334,0.9333333333333332,0.9333333333333333,1.1102230246251566e-17
logreg,digits_4_vs_9,forced_qnn_exploratory_qnn,10,0.9875,0.9770833333333332,0.96875,-0.00833333333333336
logreg,digits_5_vs_6,hybrid_standard_residual_only_qnn,10,0.9958333333333333,0.9833333333333334,0.9791666666666666,-0.004166666666666674
svm_rbf,breast_cancer,hybrid_qnn_lenient_qnn_oriented_qnn,10,0.93125,0.9020833333333333,0.9104166666666667,0.008333333333333326
svm_rbf,wine_binary,hybrid_standard_residual_only_qnn,10,0.9555555555555555,0.9365079365079364,0.9444444444444444,0.007936507936507941
svm_rbf,wine_0_vs_2,hybrid_aggressive_full_light_qnn,10,1.0,0.9816666666666667,0.9811111111111112,-0.0005555555555555647
svm_rbf,wine_1_vs_2,hybrid_standard_full_balanced_qnn,10,0.9704761904761906,0.9376190476190477,0.9342857142857144,-0.0033333333333333214
svm_rbf,digits_1_vs_7,hybrid_always_trigger_qnn_oriented_qnn,10,0.9916666666666666,0.9875,0.9812500000000002,-0.006250000000000011
svm_rbf,digits_2_vs_7,forced_qnn_exploratory_qnn,10,0.9812499999999998,0.9687500000000002,0.9666666666666668,-0.002083333333333326
svm_rbf,digits_3_vs_8,hybrid_aggressive_no_detector_qnn,10,0.9541666666666666,0.9020833333333333,0.9145833333333334,0.012499999999999978
svm_rbf,digits_4_vs_9,forced_qnn_exploratory_qnn,10,0.9770833333333334,0.9645833333333333,0.9708333333333332,0.00625
svm_rbf,digits_5_vs_6,hybrid_standard_residual_only_qnn,10,0.99375,0.9854166666666666,0.9729166666666668,-0.0125
mlp,breast_cancer,hybrid_qnn_lenient_qnn_oriented_qnn,10,0.9416666666666668,0.9125,0.91875,0.006249999999999989
mlp,wine_binary,hybrid_standard_residual_only_qnn,10,0.955952380952381,0.9527777777777777,0.9503968253968254,-0.0023809523809523838
mlp,wine_0_vs_2,hybrid_aggressive_full_light_qnn,10,1.0,0.9933333333333334,0.9966666666666667,0.0033333333333333327
mlp,wine_1_vs_2,hybrid_standard_full_balanced_qnn,10,0.9738095238095239,0.9561904761904761,0.9576190476190476,0.0014285714285714346
mlp,digits_1_vs_7,hybrid_always_trigger_qnn_oriented_qnn,10,0.9958333333333333,0.9875,0.9791666666666667,-0.008333333333333337
mlp,digits_2_vs_7,forced_qnn_exploratory_qnn,10,0.9895833333333333,0.9791666666666667,0.9770833333333332,-0.002083333333333326
mlp,digits_3_vs_8,hybrid_aggressive_no_detector_qnn,10,0.95,0.9354166666666666,0.9354166666666666,0.0
mlp,digits_4_vs_9,forced_qnn_exploratory_qnn,10,0.9854166666666668,0.9770833333333332,0.9791666666666666,0.002083333333333326
mlp,digits_5_vs_6,hybrid_standard_residual_only_qnn,10,0.99375,0.9875,0.9770833333333334,-0.010416666666666685
rf,breast_cancer,hybrid_qnn_lenient_qnn_oriented_qnn,10,0.93125,0.9104166666666668,0.91875,0.008333333333333314
rf,wine_binary,hybrid_standard_residual_only_qnn,10,0.9730158730158729,0.9369047619047619,0.9444444444444444,0.0075396825396825354
rf,wine_0_vs_2,hybrid_aggressive_full_light_qnn,10,1.0,0.9561111111111111,0.9561111111111111,1.1102230246251566e-17
rf,wine_1_vs_2,hybrid_standard_full_balanced_qnn,10,0.9861904761904763,0.949047619047619,0.9390476190476191,-0.009999999999999986
rf,digits_1_vs_7,hybrid_always_trigger_qnn_oriented_qnn,10,0.9875,0.9624999999999998,0.9729166666666668,0.010416666666666663
rf,digits_2_vs_7,forced_qnn_exploratory_qnn,10,0.9791666666666667,0.9645833333333333,0.9666666666666666,0.0020833333333333593
rf,digits_3_vs_8,hybrid_aggressive_no_detector_qnn,10,0.9416666666666667,0.9104166666666667,0.91875,0.00833333333333336
rf,digits_4_vs_9,forced_qnn_exploratory_qnn,10,0.9791666666666666,0.9666666666666666,0.9604166666666668,-0.00625
rf,digits_5_vs_6,hybrid_standard_residual_only_qnn,10,0.9916666666666666,0.9750000000000002,0.9666666666666666,-0.008333333333333337
gb,breast_cancer,hybrid_qnn_lenient_qnn_oriented_qnn,10,0.9208333333333334,0.8833333333333334,0.8875,0.004166666666666663
gb,wine_binary,hybrid_standard_residual_only_qnn,10,0.9658730158730158,0.9313492063492064,0.9321428571428569,0.0007936507936508019
gb,wine_0_vs_2,hybrid_aggressive_full_light_qnn,10,1.0,0.9544444444444444,0.9577777777777777,0.0033333333333333327
gb,wine_1_vs_2,hybrid_standard_full_balanced_qnn,10,0.9795238095238096,0.940952380952381,0.9447619047619048,0.003809523809523818
gb,digits_1_vs_7,hybrid_always_trigger_qnn_oriented_qnn,10,0.9833333333333334,0.9604166666666666,0.9666666666666666,0.006249999999999989
gb,digits_2_vs_7,forced_qnn_exploratory_qnn,10,0.9729166666666668,0.95625,0.9604166666666666,0.004166666666666629
gb,digits_3_vs_8,hybrid_aggressive_no_detector_qnn,10,0.9375,0.9166666666666667,0.9187500000000002,0.002083333333333326
gb,digits_4_vs_9,forced_qnn_exploratory_qnn,10,0.975,0.94375,0.9416666666666667,-0.002083333333333337
gb,digits_5_vs_6,hybrid_standard_residual_only_qnn,10,0.9916666666666666,0.975,0.9604166666666668,-0.014583333333333337
