dataset,selected_method,n_confirmation_seeds,development_selected_ba,pca,zero,selected_mrbi,multistart5,delta_selected_zero,delta_selected_multistart5,delta_selected_pca,delta_multistart5_zero,zero_success,selected_success,multistart_success,zero_feature_time,selected_feature_time,multistart_feature_time,development_to_confirmation_selected_ba_shift,positive_seed_deltas_selected_zero,neutral_seed_deltas_selected_zero,negative_seed_deltas_selected_zero
breast_cancer,hybrid_qnn_lenient_qnn_oriented_qnn,10,0.904166667,0.9395833333333332,0.86875,0.8833333333333332,0.8833333333333334,0.014583333333333347,1.1102230246251566e-17,-0.05624999999999998,0.014583333333333337,0.6854166666666667,0.7104166666666666,0.9916666666666666,0.03723562360028154,85.76541909840016,0.2156344277995231,-0.020833333666666842,3,2,5
wine_binary,hybrid_standard_residual_only_qnn,10,0.915873016,0.9539682539682539,0.903968253968254,0.8908730158730158,0.8507936507936508,-0.013095238095238094,0.04007936507936509,-0.06309523809523808,-0.05317460317460319,0.6974358974358974,0.7230769230769232,0.9897435897435898,0.029414284000813494,1.8413182104981387,0.15971571060072165,-0.025000000126984223,3,3,4
wine_0_vs_2,hybrid_aggressive_full_light_qnn,10,0.987777778,1.0,0.9622222222222222,0.9677777777777777,0.9372222222222222,0.005555555555555547,0.030555555555555558,-0.03222222222222223,-0.025000000000000012,0.7666666666666668,0.7848484848484849,0.9848484848484848,0.024356135600828565,14.230036507900513,0.1339865658992494,-0.02000000022222226,4,3,3
wine_1_vs_2,hybrid_standard_full_balanced_qnn,10,0.965714286,0.972857142857143,0.9085714285714286,0.9433333333333334,0.8919047619047618,0.03476190476190475,0.051428571428571435,-0.029523809523809542,-0.016666666666666684,0.7305555555555556,0.7444444444444445,0.9972222222222221,0.027142530000855914,13.684701503598626,0.14264748179994058,-0.02238095266666662,5,3,2
digits_1_vs_7,hybrid_always_trigger_qnn_oriented_qnn,10,0.983333333,0.9916666666666666,0.9500000000000002,0.95,0.9479166666666666,-1.1102230246251566e-17,0.002083333333333326,-0.041666666666666664,-0.002083333333333337,0.71875,0.7395833333333334,0.9895833333333334,0.051998341900616654,86.43172559599915,0.18524504940141923,-0.033333333000000076,4,4,2
digits_2_vs_7,forced_qnn_exploratory_qnn,10,0.958333333,0.9791666666666666,0.91875,0.9479166666666666,0.9375,0.029166666666666684,0.010416666666666696,-0.03124999999999999,0.01874999999999999,0.70625,0.7270833333333333,0.9979166666666666,0.05129966389868059,99.73591750210035,0.18068467539997074,-0.01041666633333338,6,2,2
digits_3_vs_8,hybrid_aggressive_no_detector_qnn,10,0.941666667,0.9416666666666667,0.8583333333333332,0.86875,0.8770833333333332,0.010416666666666675,-0.008333333333333314,-0.07291666666666664,0.01874999999999999,0.7145833333333333,0.73125,0.99375,0.05175980219937628,11.740243613699567,0.18500644870000543,-0.07291666699999999,4,2,4
digits_4_vs_9,forced_qnn_exploratory_qnn,10,0.979166667,0.9791666666666666,0.95,0.9541666666666668,0.9354166666666666,0.004166666666666663,0.01874999999999999,-0.025000000000000022,-0.014583333333333327,0.70625,0.7270833333333334,0.9958333333333333,0.05106918969977414,100.38105559260075,0.18416167199902703,-0.02500000033333316,4,3,3
digits_5_vs_6,hybrid_standard_residual_only_qnn,10,0.983333333,0.9916666666666668,0.9729166666666668,0.9625,0.9625,-0.010416666666666663,0.0,-0.029166666666666653,-0.010416666666666663,0.71875,0.7395833333333334,0.9916666666666666,0.05104232929952559,2.2581093868007884,0.19177183930150932,-0.02083333300000001,1,5,4
