rho,dataset,selected_method,n_seeds,zero_ba,selected_mrbi_ba,delta_selected_zero,zero_success,selected_success
1.2,breast_cancer,hybrid_qnn_lenient_qnn_oriented_qnn,10,0.8979166666666666,0.89375,-0.004166666666666663,0.9791666666666667,0.9791666666666667
1.2,wine_binary,hybrid_standard_residual_only_qnn,10,0.913095238095238,0.9075396825396824,-0.005555555555555558,0.9820512820512821,0.9820512820512821
1.2,wine_0_vs_2,hybrid_aggressive_full_light_qnn,10,0.9666666666666666,0.9638888888888889,-0.002777777777777779,0.9727272727272727,0.9727272727272727
1.2,wine_1_vs_2,hybrid_standard_full_balanced_qnn,10,0.9485714285714286,0.9519047619047619,0.0033333333333333214,0.9777777777777776,0.9777777777777776
1.2,digits_1_vs_7,hybrid_always_trigger_qnn_oriented_qnn,10,0.9791666666666667,0.9791666666666667,0.0,0.9729166666666667,0.975
1.2,digits_2_vs_7,forced_qnn_exploratory_qnn,10,0.9583333333333334,0.9541666666666666,-0.004166666666666652,0.9666666666666666,0.96875
1.2,digits_3_vs_8,hybrid_aggressive_no_detector_qnn,10,0.9104166666666667,0.9145833333333334,0.004166666666666652,0.9749999999999999,0.9770833333333332
1.2,digits_4_vs_9,forced_qnn_exploratory_qnn,10,0.9687500000000002,0.95625,-0.012500000000000011,0.9791666666666666,0.9770833333333334
1.2,digits_5_vs_6,hybrid_standard_residual_only_qnn,10,0.9875000000000002,0.9875000000000002,0.0,0.9833333333333332,0.9833333333333332
1.6,breast_cancer,hybrid_qnn_lenient_qnn_oriented_qnn,10,0.8895833333333334,0.8916666666666666,0.0020833333333333147,0.8375,0.8520833333333332
1.6,wine_binary,hybrid_standard_residual_only_qnn,10,0.8595238095238095,0.8718253968253966,0.01230158730158729,0.8076923076923078,0.8256410256410257
1.6,wine_0_vs_2,hybrid_aggressive_full_light_qnn,10,0.9827777777777778,0.971111111111111,-0.011666666666666659,0.8909090909090909,0.903030303030303
1.6,wine_1_vs_2,hybrid_standard_full_balanced_qnn,10,0.9376190476190477,0.9580952380952381,0.02047619047619049,0.8583333333333334,0.861111111111111
1.6,digits_1_vs_7,hybrid_always_trigger_qnn_oriented_qnn,10,0.9645833333333333,0.9625000000000001,-0.00208333333333337,0.7874999999999999,0.8104166666666666
1.6,digits_2_vs_7,forced_qnn_exploratory_qnn,10,0.95625,0.9520833333333332,-0.004166666666666674,0.8520833333333332,0.8645833333333334
1.6,digits_3_vs_8,hybrid_aggressive_no_detector_qnn,10,0.9166666666666666,0.90625,-0.010416666666666663,0.8145833333333334,0.8291666666666668
1.6,digits_4_vs_9,forced_qnn_exploratory_qnn,10,0.95625,0.9625,0.006250000000000011,0.81875,0.825
1.6,digits_5_vs_6,hybrid_standard_residual_only_qnn,10,0.98125,0.9833333333333334,0.002083333333333337,0.825,0.84375
2.0,breast_cancer,hybrid_qnn_lenient_qnn_oriented_qnn,10,0.86875,0.8833333333333332,0.014583333333333347,0.6854166666666667,0.7104166666666666
2.0,wine_binary,hybrid_standard_residual_only_qnn,10,0.903968253968254,0.8908730158730158,-0.013095238095238094,0.6974358974358974,0.7230769230769232
2.0,wine_0_vs_2,hybrid_aggressive_full_light_qnn,10,0.9622222222222222,0.9677777777777777,0.005555555555555547,0.7666666666666668,0.7848484848484849
2.0,wine_1_vs_2,hybrid_standard_full_balanced_qnn,10,0.9085714285714286,0.9433333333333334,0.03476190476190475,0.7305555555555556,0.7444444444444445
2.0,digits_1_vs_7,hybrid_always_trigger_qnn_oriented_qnn,10,0.9500000000000002,0.95,-1.1102230246251566e-17,0.71875,0.7395833333333334
2.0,digits_2_vs_7,forced_qnn_exploratory_qnn,10,0.91875,0.9479166666666666,0.029166666666666684,0.70625,0.7270833333333333
2.0,digits_3_vs_8,hybrid_aggressive_no_detector_qnn,10,0.8583333333333332,0.86875,0.010416666666666675,0.7145833333333333,0.73125
2.0,digits_4_vs_9,forced_qnn_exploratory_qnn,10,0.95,0.9541666666666668,0.004166666666666663,0.70625,0.7270833333333334
2.0,digits_5_vs_6,hybrid_standard_residual_only_qnn,10,0.9729166666666668,0.9625,-0.010416666666666663,0.71875,0.7395833333333334
2.25,breast_cancer,hybrid_qnn_lenient_qnn_oriented_qnn,10,0.875,0.8583333333333334,-0.01666666666666663,0.6541666666666667,0.68125
2.25,wine_binary,hybrid_standard_residual_only_qnn,10,0.8865079365079366,0.9067460317460319,0.020238095238095232,0.6589743589743591,0.7
2.25,wine_0_vs_2,hybrid_aggressive_full_light_qnn,10,0.9294444444444444,0.9433333333333331,0.013888888888888885,0.6848484848484848,0.7212121212121212
2.25,wine_1_vs_2,hybrid_standard_full_balanced_qnn,10,0.9361904761904762,0.9176190476190478,-0.018571428571428572,0.7027777777777778,0.7416666666666667
2.25,digits_1_vs_7,hybrid_always_trigger_qnn_oriented_qnn,10,0.9458333333333334,0.9479166666666666,0.0020833333333333593,0.7145833333333333,0.74375
2.25,digits_2_vs_7,forced_qnn_exploratory_qnn,10,0.9604166666666666,0.95625,-0.004166666666666674,0.6958333333333333,0.7375
2.25,digits_3_vs_8,hybrid_aggressive_no_detector_qnn,10,0.8625,0.8479166666666667,-0.014583333333333337,0.675,0.7041666666666667
2.25,digits_4_vs_9,forced_qnn_exploratory_qnn,10,0.9604166666666666,0.9666666666666666,0.006250000000000011,0.69375,0.7145833333333333
2.25,digits_5_vs_6,hybrid_standard_residual_only_qnn,10,0.9479166666666666,0.9625,0.01458333333333336,0.6770833333333334,0.7291666666666666
