balanced_accuracy,f1,roc_auc,readout_time_sec,method,seed,n_qubits,pca_dim,latent_dim,max_samples_per_class,test_size,spectral_radius,input_scale,bias_scale,n_random_starts,random_start_radius,qnn_epochs,qnn_lr,qnn_batch_size,qnn_layers,readout,dataset,zero_feature_time_sec,zero_success_rate,zero_mean_residual,zero_median_residual,zero_mean_nfev,mrbi_feature_time_sec,mrbi_success_rate,mrbi_mean_residual,mrbi_median_residual,mrbi_mean_nfev,multistart_feature_time_sec,multistart_success_rate,multistart_mean_residual,multistart_median_residual,multistart_mean_nfev
0.9206349206349206,0.9302325581395349,0.9814814814814815,61.50163650000468,pca,0,4,4,16,80,0.3,2.0,1.1,0.1,5,1.0,50,0.02,16,2,qnn,wine_binary,,,,,,,,,,,,,,,
0.9523809523809523,0.95,0.9656084656084656,59.79039989999728,zero,0,4,4,16,80,0.3,2.0,1.1,0.1,5,1.0,50,0.02,16,2,qnn,wine_binary,0.014016700006322935,0.9487179487179487,0.0028700113040838453,4.9845230022306876e-12,24.94871794871795,,,,,,,,,,
0.9722222222222222,0.9767441860465116,0.9867724867724867,54.637163700012024,mrbi,0,4,4,16,80,0.3,2.0,1.1,0.1,5,1.0,50,0.02,16,2,qnn,wine_binary,,,,,,0.7550895000167657,0.9487179487179487,0.0027213700826813495,4.9845230022306876e-12,23.82051282051282,,,,,
0.9007936507936507,0.9,0.9417989417989417,50.11918809998315,multistart,0,4,4,16,80,0.3,2.0,1.1,0.1,5,1.0,50,0.02,16,2,qnn,wine_binary,,,,,,,,,,,0.05884890002198517,1.0,1.4322685550171902e-12,8.407539614514997e-13,25.128205128205128
0.9722222222222222,0.9767441860465116,0.9629629629629629,51.002445500023896,pca,1,4,4,16,80,0.3,2.0,1.1,0.1,5,1.0,50,0.02,16,2,qnn,wine_binary,,,,,,,,,,,,,,,
0.9484126984126984,0.9523809523809523,0.9947089947089947,49.84305450000102,zero,1,4,4,16,80,0.3,2.0,1.1,0.1,5,1.0,50,0.02,16,2,qnn,wine_binary,0.019769499980611727,0.5128205128205128,0.057275628235277126,4.064695436374751e-11,41.743589743589745,,,,,,,,,,
0.876984126984127,0.8717948717948718,0.9497354497354498,48.020565400016494,mrbi,1,4,4,16,80,0.3,2.0,1.1,0.1,5,1.0,50,0.02,16,2,qnn,wine_binary,,,,,,3.9475517999962904,0.5384615384615384,0.05507324250870676,2.7379898496324804e-11,37.666666666666664,,,,,
0.9246031746031746,0.926829268292683,0.9867724867724867,48.906703999993624,multistart,1,4,4,16,80,0.3,2.0,1.1,0.1,5,1.0,50,0.02,16,2,qnn,wine_binary,,,,,,,,,,,0.07472710000001825,1.0,2.208911999036536e-12,9.479892757090031e-13,27.564102564102566
0.9722222222222222,0.9767441860465116,1.0,48.36945509997895,pca,2,4,4,16,80,0.3,2.0,1.1,0.1,5,1.0,50,0.02,16,2,qnn,wine_binary,,,,,,,,,,,,,,,
0.8492063492063492,0.85,0.933862433862434,48.51388380001299,zero,2,4,4,16,80,0.3,2.0,1.1,0.1,5,1.0,50,0.02,16,2,qnn,wine_binary,0.01565040001878515,0.6153846153846154,0.08447661768875592,6.88449527137636e-12,33.282051282051285,,,,,,,,,,
0.9444444444444444,0.9545454545454546,0.9973544973544973,47.052453299984336,mrbi,2,4,4,16,80,0.3,2.0,1.1,0.1,5,1.0,50,0.02,16,2,qnn,wine_binary,,,,,,3.032580200000666,0.6153846153846154,0.07850362197134722,6.88449527137636e-12,26.205128205128204,,,,,
0.7936507936507937,0.8095238095238095,0.917989417989418,48.180674300005194,multistart,2,4,4,16,80,0.3,2.0,1.1,0.1,5,1.0,50,0.02,16,2,qnn,wine_binary,,,,,,,,,,,0.06205699997371994,1.0,6.311663070873019e-13,3.7867515508086294e-13,27.46153846153846
1.0,1.0,1.0,51.14170320000267,pca,0,4,4,16,80,0.3,2.0,1.1,0.1,5,1.0,50,0.02,16,2,qnn,wine_0_vs_2,,,,,,,,,,,,,,,
0.9666666666666667,0.9655172413793104,1.0,47.016302000003634,zero,0,4,4,16,80,0.3,2.0,1.1,0.1,5,1.0,50,0.02,16,2,qnn,wine_0_vs_2,0.012653899990255013,1.0,3.752225022232446e-12,2.6766025243822964e-12,24.333333333333332,,,,,,,,,,
1.0,1.0,1.0,53.13304420001805,mrbi,0,4,4,16,80,0.3,2.0,1.1,0.1,5,1.0,50,0.02,16,2,qnn,wine_0_vs_2,,,,,,1.297044700011611,1.0,3.751353097919249e-12,2.6766025243822964e-12,23.818181818181817,,,,,
0.9722222222222222,0.967741935483871,0.9962962962962962,52.91828800001531,multistart,0,4,4,16,80,0.3,2.0,1.1,0.1,5,1.0,50,0.02,16,2,qnn,wine_0_vs_2,,,,,,,,,,,0.1148135999974329,1.0,1.1027301490124948e-12,1.0644303245443466e-12,26.12121212121212
1.0,1.0,1.0,51.99865090000094,pca,1,4,4,16,80,0.3,2.0,1.1,0.1,5,1.0,50,0.02,16,2,qnn,wine_0_vs_2,,,,,,,,,,,,,,,
1.0,1.0,1.0,60.50901189999422,zero,1,4,4,16,80,0.3,2.0,1.1,0.1,5,1.0,50,0.02,16,2,qnn,wine_0_vs_2,0.0228449999995064,0.3333333333333333,0.10060185912882401,0.06344274515780468,41.90909090909091,,,,,,,,,,
0.8111111111111111,0.7857142857142857,0.9111111111111111,48.23622890000115,mrbi,1,4,4,16,80,0.3,2.0,1.1,0.1,5,1.0,50,0.02,16,2,qnn,wine_0_vs_2,,,,,,6.834219899988966,0.36363636363636365,0.09520739330511242,0.04658637543267705,33.54545454545455,,,,,
0.9111111111111111,0.9032258064516129,0.9444444444444444,54.26321839998127,multistart,1,4,4,16,80,0.3,2.0,1.1,0.1,5,1.0,50,0.02,16,2,qnn,wine_0_vs_2,,,,,,,,,,,0.12362580001354218,0.8787878787878788,0.021460924226614553,3.0177807876854425e-12,32.60606060606061
1.0,1.0,1.0,55.179925000004005,pca,2,4,4,16,80,0.3,2.0,1.1,0.1,5,1.0,50,0.02,16,2,qnn,wine_0_vs_2,,,,,,,,,,,,,,,
0.8055555555555556,0.7692307692307693,0.9629629629629629,47.585362699988764,zero,2,4,4,16,80,0.3,2.0,1.1,0.1,5,1.0,50,0.02,16,2,qnn,wine_0_vs_2,0.018783400009851903,0.696969696969697,0.05574155364035154,4.376953141853722e-12,31.90909090909091,,,,,,,,,,
1.0,1.0,1.0,35.434137300006114,mrbi,2,4,4,16,80,0.3,2.0,1.1,0.1,5,1.0,50,0.02,16,2,qnn,wine_0_vs_2,,,,,,1.9523519999929704,0.696969696969697,0.05344008581057202,4.376953141853722e-12,27.848484848484848,,,,,
1.0,1.0,1.0,36.367356000002474,multistart,2,4,4,16,80,0.3,2.0,1.1,0.1,5,1.0,50,0.02,16,2,qnn,wine_0_vs_2,,,,,,,,,,,0.05707149999216199,1.0,6.533098662429415e-13,3.561096686961908e-13,27.666666666666668
1.0,1.0,1.0,52.90335760000744,pca,0,4,4,16,80,0.3,2.0,1.1,0.1,5,1.0,50,0.02,16,2,qnn,digits_4_vs_9,,,,,,,,,,,,,,,
0.9583333333333334,0.9583333333333334,0.9913194444444444,69.65020530001493,zero,0,4,4,16,80,0.3,2.0,1.1,0.1,5,1.0,50,0.02,16,2,qnn,digits_4_vs_9,0.013694900000700727,0.9166666666666666,0.0035132788061509566,5.04516404498818e-12,26.333333333333332,,,,,,,,,,
1.0,1.0,1.0,82.977661300014,mrbi,0,4,4,16,80,0.3,2.0,1.1,0.1,5,1.0,50,0.02,16,2,qnn,digits_4_vs_9,,,,,,2.477276499994332,0.9166666666666666,0.003352024196407819,5.04516404498818e-12,24.395833333333332,,,,,
0.8541666666666667,0.851063829787234,0.9618055555555556,85.39864689999376,multistart,0,4,4,16,80,0.3,2.0,1.1,0.1,5,1.0,50,0.02,16,2,qnn,digits_4_vs_9,,,,,,,,,,,0.13371769999503158,0.9791666666666666,0.00022028469129151408,6.729636675018647e-13,26.395833333333332
1.0,1.0,1.0,91.08178750000661,pca,1,4,4,16,80,0.3,2.0,1.1,0.1,5,1.0,50,0.02,16,2,qnn,digits_4_vs_9,,,,,,,,,,,,,,,
0.8333333333333333,0.84,0.8993055555555556,87.05736289999913,zero,1,4,4,16,80,0.3,2.0,1.1,0.1,5,1.0,50,0.02,16,2,qnn,digits_4_vs_9,0.03773630000068806,0.5208333333333334,0.05291465360088526,2.056803350313027e-11,42.25,,,,,,,,,,
0.9166666666666666,0.9166666666666666,0.9809027777777777,80.70782469998812,mrbi,1,4,4,16,80,0.3,2.0,1.1,0.1,5,1.0,50,0.02,16,2,qnn,digits_4_vs_9,,,,,,6.332518599985633,0.5208333333333334,0.05217643672564043,2.056803350313027e-11,35.270833333333336,,,,,
0.8541666666666666,0.8444444444444444,0.9496527777777778,78.78280849999283,multistart,1,4,4,16,80,0.3,2.0,1.1,0.1,5,1.0,50,0.02,16,2,qnn,digits_4_vs_9,,,,,,,,,,,0.12314270000206307,0.9166666666666666,0.006903041461557093,1.5614762296359719e-12,29.5625
0.9583333333333333,0.96,0.9600694444444445,77.19384789999458,pca,2,4,4,16,80,0.3,2.0,1.1,0.1,5,1.0,50,0.02,16,2,qnn,digits_4_vs_9,,,,,,,,,,,,,,,
0.9166666666666666,0.9166666666666666,0.9131944444444445,70.84050239998032,zero,2,4,4,16,80,0.3,2.0,1.1,0.1,5,1.0,50,0.02,16,2,qnn,digits_4_vs_9,0.026614400005200878,0.625,0.06285153219902871,4.786642158719838e-12,39.5,,,,,,,,,,
0.9583333333333333,0.96,0.9878472222222222,71.73504140001023,mrbi,2,4,4,16,80,0.3,2.0,1.1,0.1,5,1.0,50,0.02,16,2,qnn,digits_4_vs_9,,,,,,4.504840300010983,0.625,0.05866563119389229,4.786642158719838e-12,26.979166666666668,,,,,
0.9583333333333333,0.96,1.0,70.80732369999168,multistart,2,4,4,16,80,0.3,2.0,1.1,0.1,5,1.0,50,0.02,16,2,qnn,digits_4_vs_9,,,,,,,,,,,0.09384449999197386,1.0,9.200160119116127e-13,6.68198987657634e-13,27.083333333333332
