dataset,seed,mrbi,multistart,zero,delta_mrbi_zero,delta_multistart_zero,delta_mrbi_multistart
digits_4_vs_9,0,1.0,0.8541666666666667,0.9583333333333334,0.04166666666666663,-0.10416666666666663,0.14583333333333326
digits_4_vs_9,1,0.9166666666666666,0.8541666666666666,0.8333333333333333,0.08333333333333337,0.02083333333333337,0.0625
digits_4_vs_9,2,0.9583333333333333,0.9583333333333333,0.9166666666666666,0.04166666666666663,0.04166666666666663,0.0
wine_0_vs_2,0,1.0,0.9722222222222222,0.9666666666666667,0.033333333333333326,0.005555555555555536,0.02777777777777779
wine_0_vs_2,1,0.8111111111111111,0.9111111111111111,1.0,-0.18888888888888888,-0.0888888888888889,-0.09999999999999998
wine_0_vs_2,2,1.0,1.0,0.8055555555555556,0.19444444444444442,0.19444444444444442,0.0
wine_binary,0,0.9722222222222222,0.9007936507936507,0.9523809523809523,0.019841269841269882,-0.051587301587301626,0.07142857142857151
wine_binary,1,0.876984126984127,0.9246031746031746,0.9484126984126984,-0.0714285714285714,-0.023809523809523725,-0.04761904761904767
wine_binary,2,0.9444444444444444,0.7936507936507937,0.8492063492063492,0.09523809523809523,-0.05555555555555547,0.1507936507936507
