accuracy,balanced_accuracy,f1,roc_auc,train_time_sec,dataset,method,representation,readout,seed,n_qubits,pca_dim,latent_dim,spectral_radius,max_samples_per_class,mrbi_profile,test_zero_success_rate,test_zero_mean_residual,test_zero_median_residual,test_zero_mean_nfev,test_zero_mean_runtime_sec_per_sample,feature_time_sec,test_mrbi_success_rate,test_mrbi_trigger_rate,test_mrbi_accept_rate,test_mrbi_mean_residual,test_mrbi_median_residual,test_mrbi_mean_zero_nfev,test_mrbi_mean_final_nfev,test_mrbi_mean_runtime_sec_per_sample,test_mrbi_mean_sigma_min_zero,test_mrbi_mean_sigma_min_det,test_mrbi_trigger_reasons_json
0.8683333333333333,0.8683333333333334,0.8663282571912013,0.9350444444444445,0.010757300013210624,spambase,pca_logreg,pca,logreg,0,4,4,16,2.25,1000,balanced,,,,,,,,,,,,,,,,,
0.885,0.885,0.8866995073891626,0.9413,1.6447555999911856,spambase,pca_mlp,pca,mlp,0,4,4,16,2.25,1000,balanced,,,,,,,,,,,,,,,,,
0.885,0.885,0.8851913477537438,0.9215777777777778,0.11255320001509972,spambase,pca_svm_rbf,pca,svm_rbf,0,4,4,16,2.25,1000,balanced,,,,,,,,,,,,,,,,,
0.8716666666666667,0.8716666666666666,0.8783570300157978,0.9326555555555556,1581.2039993999933,spambase,pca_qnn,pca,qnn,0,4,4,16,2.25,1000,balanced,,,,,,,,,,,,,,,,,
0.8716666666666667,0.8716666666666667,0.8697123519458545,0.9325555555555556,0.04301939997822046,spambase,implicit_zero_logreg,implicit_zero,logreg,0,4,4,16,2.25,1000,balanced,0.935,0.008307114496486372,1.3703563387308829e-12,25.011666666666667,0.00035790733333366614,0.7622433000069577,,,,,,,,,,,
0.8666666666666667,0.8666666666666667,0.867109634551495,0.9264222222222221,0.18276630001491867,spambase,implicit_zero_svm_rbf,implicit_zero,svm_rbf,0,4,4,16,2.25,1000,balanced,0.935,0.008307114496486372,1.3703563387308829e-12,25.011666666666667,0.00035790733333366614,0.7622433000069577,,,,,,,,,,,
0.87,0.87,0.8664383561643836,0.9235777777777777,1529.5611176000093,spambase,implicit_zero_qnn,implicit_zero,qnn,0,4,4,16,2.25,1000,balanced,0.935,0.008307114496486372,1.3703563387308829e-12,25.011666666666667,0.00035790733333366614,0.7622433000069577,,,,,,,,,,,
0.8716666666666667,0.8716666666666667,0.8697123519458545,0.9320777777777778,0.009721499984152615,spambase,mrbi_light_logreg,mrbi_light,logreg,0,4,4,16,2.25,1000,light,,,,,,18.606352100003278,0.95,0.07166666666666667,0.043333333333333335,0.0042921942584831325,1.302607824564066e-12,25.011666666666667,23.881666666666668,0.010292052000246864,0.14648455283381148,0.04130563908033288,"{""none"": 557, ""residual+conditioning+solver_failure"": 22, ""conditioning+solver_failure"": 17, ""conditioning"": 4}"
0.875,0.875,0.8756218905472637,0.9274333333333333,0.10193340000114404,spambase,mrbi_light_svm_rbf,mrbi_light,svm_rbf,0,4,4,16,2.25,1000,light,,,,,,18.606352100003278,0.95,0.07166666666666667,0.043333333333333335,0.0042921942584831325,1.302607824564066e-12,25.011666666666667,23.881666666666668,0.010292052000246864,0.14648455283381148,0.04130563908033288,"{""none"": 557, ""residual+conditioning+solver_failure"": 22, ""conditioning+solver_failure"": 17, ""conditioning"": 4}"
0.8666666666666667,0.8666666666666667,0.8701298701298701,0.9274555555555557,1481.4772026000137,spambase,mrbi_light_qnn,mrbi_light,qnn,0,4,4,16,2.25,1000,light,,,,,,18.606352100003278,0.95,0.07166666666666667,0.043333333333333335,0.0042921942584831325,1.302607824564066e-12,25.011666666666667,23.881666666666668,0.010292052000246864,0.14648455283381148,0.04130563908033288,"{""none"": 557, ""residual+conditioning+solver_failure"": 22, ""conditioning+solver_failure"": 17, ""conditioning"": 4}"
0.87,0.87,0.8682432432432432,0.9311333333333334,0.010058199986815453,spambase,mrbi_balanced_logreg,mrbi_balanced,logreg,0,4,4,16,2.25,1000,balanced,,,,,,45.16568740000366,0.9516666666666667,0.075,0.05,0.004006131276958649,1.283867897711217e-12,25.011666666666667,23.283333333333335,0.02670906900059587,0.14648455283381148,0.04465756897445482,"{""none"": 555, ""residual+conditioning+solver_failure"": 22, ""conditioning"": 6, ""conditioning+solver_failure"": 17}"
0.8733333333333333,0.8733333333333333,0.8741721854304636,0.9279777777777778,0.09019919999991544,spambase,mrbi_balanced_svm_rbf,mrbi_balanced,svm_rbf,0,4,4,16,2.25,1000,balanced,,,,,,45.16568740000366,0.9516666666666667,0.075,0.05,0.004006131276958649,1.283867897711217e-12,25.011666666666667,23.283333333333335,0.02670906900059587,0.14648455283381148,0.04465756897445482,"{""none"": 555, ""residual+conditioning+solver_failure"": 22, ""conditioning"": 6, ""conditioning+solver_failure"": 17}"
0.8583333333333333,0.8583333333333333,0.8635634028892456,0.9310666666666667,1492.560310300003,spambase,mrbi_balanced_qnn,mrbi_balanced,qnn,0,4,4,16,2.25,1000,balanced,,,,,,45.16568740000366,0.9516666666666667,0.075,0.05,0.004006131276958649,1.283867897711217e-12,25.011666666666667,23.283333333333335,0.02670906900059587,0.14648455283381148,0.04465756897445482,"{""none"": 555, ""residual+conditioning+solver_failure"": 22, ""conditioning"": 6, ""conditioning+solver_failure"": 17}"
0.8733333333333333,0.8733333333333333,0.8671328671328671,0.9338333333333333,0.004337099991971627,spambase,pca_logreg,pca,logreg,1,4,4,16,2.25,1000,balanced,,,,,,,,,,,,,,,,,
0.8666666666666667,0.8666666666666667,0.8675496688741722,0.9337777777777779,2.5458779000036884,spambase,pca_mlp,pca,mlp,1,4,4,16,2.25,1000,balanced,,,,,,,,,,,,,,,,,
0.88,0.88,0.8775510204081632,0.9305777777777778,0.08569619999616407,spambase,pca_svm_rbf,pca,svm_rbf,1,4,4,16,2.25,1000,balanced,,,,,,,,,,,,,,,,,
0.875,0.875,0.8709122203098106,0.9312999999999999,1474.4837348999863,spambase,pca_qnn,pca,qnn,1,4,4,16,2.25,1000,balanced,,,,,,,,,,,,,,,,,
0.8733333333333333,0.8733333333333333,0.8680555555555556,0.9274444444444445,0.009243600012268871,spambase,implicit_zero_logreg,implicit_zero,logreg,1,4,4,16,2.25,1000,balanced,0.9183333333333333,0.0066880256768991585,1.3029157928781372e-12,26.621666666666666,0.00024767250040895304,0.5663595000223722,,,,,,,,,,,
0.88,0.8799999999999999,0.8779661016949153,0.9231555555555556,0.09196210000663996,spambase,implicit_zero_svm_rbf,implicit_zero,svm_rbf,1,4,4,16,2.25,1000,balanced,0.9183333333333333,0.0066880256768991585,1.3029157928781372e-12,26.621666666666666,0.00024767250040895304,0.5663595000223722,,,,,,,,,,,
0.865,0.865,0.8610634648370498,0.9239111111111111,1701.8857161000196,spambase,implicit_zero_qnn,implicit_zero,qnn,1,4,4,16,2.25,1000,balanced,0.9183333333333333,0.0066880256768991585,1.3029157928781372e-12,26.621666666666666,0.00024767250040895304,0.5663595000223722,,,,,,,,,,,
0.8716666666666667,0.8716666666666666,0.8660869565217392,0.9271111111111111,0.0139521999808494,spambase,mrbi_light_logreg,mrbi_light,logreg,1,4,4,16,2.25,1000,light,,,,,,47.2279930000077,0.9216666666666666,0.11833333333333333,0.065,0.006278666907689509,1.266952296836157e-12,26.621666666666666,25.898333333333333,0.022724343668523942,0.10246395996283035,0.014399914854573695,"{""none"": 529, ""residual+conditioning+solver_failure"": 17, ""conditioning+solver_failure"": 32, ""conditioning"": 22}"
0.875,0.875,0.8726655348047538,0.9250777777777778,0.1601628000207711,spambase,mrbi_light_svm_rbf,mrbi_light,svm_rbf,1,4,4,16,2.25,1000,light,,,,,,47.2279930000077,0.9216666666666666,0.11833333333333333,0.065,0.006278666907689509,1.266952296836157e-12,26.621666666666666,25.898333333333333,0.022724343668523942,0.10246395996283035,0.014399914854573695,"{""none"": 529, ""residual+conditioning+solver_failure"": 17, ""conditioning+solver_failure"": 32, ""conditioning"": 22}"
0.8716666666666667,0.8716666666666667,0.8679245283018868,0.9291333333333333,1747.7478001999843,spambase,mrbi_light_qnn,mrbi_light,qnn,1,4,4,16,2.25,1000,light,,,,,,47.2279930000077,0.9216666666666666,0.11833333333333333,0.065,0.006278666907689509,1.266952296836157e-12,26.621666666666666,25.898333333333333,0.022724343668523942,0.10246395996283035,0.014399914854573695,"{""none"": 529, ""residual+conditioning+solver_failure"": 17, ""conditioning+solver_failure"": 32, ""conditioning"": 22}"
0.8716666666666667,0.8716666666666666,0.8660869565217392,0.9273444444444443,0.041725699993548915,spambase,mrbi_balanced_logreg,mrbi_balanced,logreg,1,4,4,16,2.25,1000,balanced,,,,,,139.221017200005,0.92,0.14833333333333334,0.095,0.006241382913232151,1.2058780432755675e-12,26.621666666666666,24.913333333333334,0.07551570083286303,0.10246395996283035,0.019033850701507805,"{""none"": 511, ""residual+conditioning+solver_failure"": 17, ""conditioning+solver_failure"": 32, ""conditioning"": 40}"
0.875,0.875,0.8726655348047538,0.9269000000000001,0.15648849998251535,spambase,mrbi_balanced_svm_rbf,mrbi_balanced,svm_rbf,1,4,4,16,2.25,1000,balanced,,,,,,139.221017200005,0.92,0.14833333333333334,0.095,0.006241382913232151,1.2058780432755675e-12,26.621666666666666,24.913333333333334,0.07551570083286303,0.10246395996283035,0.019033850701507805,"{""none"": 511, ""residual+conditioning+solver_failure"": 17, ""conditioning+solver_failure"": 32, ""conditioning"": 40}"
0.8566666666666667,0.8566666666666667,0.8542372881355932,0.9183,1772.8472844000207,spambase,mrbi_balanced_qnn,mrbi_balanced,qnn,1,4,4,16,2.25,1000,balanced,,,,,,139.221017200005,0.92,0.14833333333333334,0.095,0.006241382913232151,1.2058780432755675e-12,26.621666666666666,24.913333333333334,0.07551570083286303,0.10246395996283035,0.019033850701507805,"{""none"": 511, ""residual+conditioning+solver_failure"": 17, ""conditioning+solver_failure"": 32, ""conditioning"": 40}"
0.8566666666666667,0.8566666666666667,0.852233676975945,0.9246777777777777,0.009806999994907528,spambase,pca_logreg,pca,logreg,2,4,4,16,2.25,1000,balanced,,,,,,,,,,,,,,,,,
0.8566666666666667,0.8566666666666667,0.8576158940397351,0.9323666666666668,3.429798800003482,spambase,pca_mlp,pca,mlp,2,4,4,16,2.25,1000,balanced,,,,,,,,,,,,,,,,,
0.8783333333333333,0.8783333333333334,0.8752136752136752,0.9395666666666668,0.13445650000358,spambase,pca_svm_rbf,pca,svm_rbf,2,4,4,16,2.25,1000,balanced,,,,,,,,,,,,,,,,,
0.8533333333333334,0.8533333333333333,0.8428571428571429,0.9316666666666666,1711.6076707999746,spambase,pca_qnn,pca,qnn,2,4,4,16,2.25,1000,balanced,,,,,,,,,,,,,,,,,
0.8416666666666667,0.8416666666666667,0.8342059336823735,0.9213111111111112,0.04360989999258891,spambase,implicit_zero_logreg,implicit_zero,logreg,2,4,4,16,2.25,1000,balanced,0.5516666666666666,0.045383245914347475,1.0225344090066886e-11,44.68666666666667,0.0007119484999566339,1.492220099986298,,,,,,,,,,,
0.85,0.85,0.8415492957746479,0.926811111111111,0.20080829999642447,spambase,implicit_zero_svm_rbf,implicit_zero,svm_rbf,2,4,4,16,2.25,1000,balanced,0.5516666666666666,0.045383245914347475,1.0225344090066886e-11,44.68666666666667,0.0007119484999566339,1.492220099986298,,,,,,,,,,,
0.8183333333333334,0.8183333333333334,0.7992633517495396,0.9199333333333334,1355.434811700019,spambase,implicit_zero_qnn,implicit_zero,qnn,2,4,4,16,2.25,1000,balanced,0.5516666666666666,0.045383245914347475,1.0225344090066886e-11,44.68666666666667,0.0007119484999566339,1.492220099986298,,,,,,,,,,,
0.8433333333333334,0.8433333333333333,0.8356643356643356,0.9218222222222221,0.014977800019551069,spambase,mrbi_light_logreg,mrbi_light,logreg,2,4,4,16,2.25,1000,light,,,,,,136.66251069999998,0.59,0.49666666666666665,0.27,0.03584955629520181,7.64870029163491e-12,44.68666666666667,41.89,0.07313580049997351,0.056120962798979004,0.012496683507626375,"{""conditioning"": 29, ""none"": 302, ""residual+conditioning+solver_failure"": 198, ""conditioning+solver_failure"": 71}"
0.8533333333333334,0.8533333333333333,0.8428571428571429,0.9242333333333334,0.17110219999449328,spambase,mrbi_light_svm_rbf,mrbi_light,svm_rbf,2,4,4,16,2.25,1000,light,,,,,,136.66251069999998,0.59,0.49666666666666665,0.27,0.03584955629520181,7.64870029163491e-12,44.68666666666667,41.89,0.07313580049997351,0.056120962798979004,0.012496683507626375,"{""conditioning"": 29, ""none"": 302, ""residual+conditioning+solver_failure"": 198, ""conditioning+solver_failure"": 71}"
0.8216666666666667,0.8216666666666667,0.7984934086629002,0.905888888888889,1263.3496092999994,spambase,mrbi_light_qnn,mrbi_light,qnn,2,4,4,16,2.25,1000,light,,,,,,136.66251069999998,0.59,0.49666666666666665,0.27,0.03584955629520181,7.64870029163491e-12,44.68666666666667,41.89,0.07313580049997351,0.056120962798979004,0.012496683507626375,"{""conditioning"": 29, ""none"": 302, ""residual+conditioning+solver_failure"": 198, ""conditioning+solver_failure"": 71}"
0.845,0.845,0.8371278458844134,0.9221111111111111,0.010092999989865348,spambase,mrbi_balanced_logreg,mrbi_balanced,logreg,2,4,4,16,2.25,1000,balanced,,,,,,282.47901020001154,0.5866666666666667,0.5116666666666667,0.28833333333333333,0.036540079753606125,7.452668246267659e-12,44.68666666666667,39.78666666666667,0.1450999041662726,0.056120962798979004,0.012869564064758946,"{""conditioning"": 38, ""none"": 293, ""residual+conditioning+solver_failure"": 198, ""conditioning+solver_failure"": 71}"
0.85,0.8500000000000001,0.8387096774193549,0.9226722222222221,0.10315959999570623,spambase,mrbi_balanced_svm_rbf,mrbi_balanced,svm_rbf,2,4,4,16,2.25,1000,balanced,,,,,,282.47901020001154,0.5866666666666667,0.5116666666666667,0.28833333333333333,0.036540079753606125,7.452668246267659e-12,44.68666666666667,39.78666666666667,0.1450999041662726,0.056120962798979004,0.012869564064758946,"{""conditioning"": 38, ""none"": 293, ""residual+conditioning+solver_failure"": 198, ""conditioning+solver_failure"": 71}"
0.8466666666666667,0.8466666666666667,0.8402777777777778,0.9197,1220.0866267000092,spambase,mrbi_balanced_qnn,mrbi_balanced,qnn,2,4,4,16,2.25,1000,balanced,,,,,,282.47901020001154,0.5866666666666667,0.5116666666666667,0.28833333333333333,0.036540079753606125,7.452668246267659e-12,44.68666666666667,39.78666666666667,0.1450999041662726,0.056120962798979004,0.012869564064758946,"{""conditioning"": 38, ""none"": 293, ""residual+conditioning+solver_failure"": 198, ""conditioning+solver_failure"": 71}"
