dataset,method,representation,readout,n_qubits,latent_dim,spectral_radius,mrbi_profile,n_runs,accuracy_mean,accuracy_std,balanced_accuracy_mean,balanced_accuracy_std,f1_mean,f1_std,roc_auc_mean,roc_auc_std,train_time_sec_mean,train_time_sec_std,feature_time_sec_mean,feature_time_sec_std,test_mrbi_trigger_rate_mean,test_mrbi_trigger_rate_std,test_mrbi_accept_rate_mean,test_mrbi_accept_rate_std,test_mrbi_mean_residual_mean,test_mrbi_mean_residual_std,test_mrbi_mean_runtime_sec_per_sample_mean,test_mrbi_mean_runtime_sec_per_sample_std,test_zero_mean_residual_mean,test_zero_mean_residual_std,test_zero_mean_runtime_sec_per_sample_mean,test_zero_mean_runtime_sec_per_sample_std
spambase,pca_svm_rbf,pca,svm_rbf,4,16,2.25,balanced,3,0.8811111111111112,0.0034694433324435722,0.8811111111111112,0.003469443332443528,0.8793186811251941,0.0052184246317360855,0.9305740740740741,0.0089944450163567,0.1109019666716146,0.024422052388554067,,0.0,,0.0,,0.0,,0.0,,0.0,,0.0,,0.0
spambase,pca_mlp,pca,mlp,4,16,2.25,balanced,3,0.8694444444444445,0.014369463507086172,0.8694444444444445,0.014369463507086172,0.8706216901010233,0.014783170403483025,0.9358148148148149,0.004802421371433998,2.540144099999452,0.8925354132046533,,0.0,,0.0,,0.0,,0.0,,0.0,,0.0,,0.0
spambase,mrbi_light_svm_rbf,mrbi_light,svm_rbf,4,16,2.25,light,3,0.8677777777777779,0.01250925583244186,0.8677777777777779,0.012509255832441925,0.8637148560697202,0.01812369057787784,0.9255814814814816,0.0016583992480231034,0.14439946667213613,0.0371812147707028,67.49895193333698,61.58326053323611,0.2288888888888889,0.23307326776820234,0.12611111111111112,0.12508145494185127,0.01547347248712482,0.01767413680811157,0.035384065389581436,0.03327965740381329,,0.0,,0.0
spambase,pca_qnn,pca,qnn,4,16,2.25,balanced,3,0.8666666666666667,0.011666666666666643,0.8666666666666666,0.011666666666666683,0.8640421310609171,0.018720552657043282,0.9318740740740741,0.0007011747931400917,1589.0984683666513,118.75892481988284,,0.0,,0.0,,0.0,,0.0,,0.0,,0.0,,0.0
spambase,pca_logreg,pca,logreg,4,16,2.25,balanced,3,0.8661111111111112,0.008552669065744773,0.8661111111111112,0.008552669065744789,0.8618982671000045,0.00837944365630009,0.9311851851851851,0.00566802089845743,0.008300466666696593,0.003465108090657064,,0.0,,0.0,,0.0,,0.0,,0.0,,0.0,,0.0
spambase,mrbi_balanced_svm_rbf,mrbi_balanced,svm_rbf,4,16,2.25,balanced,3,0.866111111111111,0.013977495139343475,0.8661111111111112,0.01397749513934341,0.8618491325515242,0.02005351058760642,0.92585,0.0028043011497112837,0.116615766659379,0.03513358989636818,155.62190493334006,119.50374526945288,0.24500000000000002,0.23383279876394114,0.14444444444444446,0.12662645560568794,0.015595864647932308,0.018172622190094564,0.0824415579999105,0.0594985133085724,,0.0,,0.0
spambase,implicit_zero_svm_rbf,implicit_zero,svm_rbf,4,16,2.25,balanced,3,0.8655555555555555,0.015030832509409663,0.8655555555555555,0.01503083250940961,0.8622083440070195,0.018696601966925182,0.9254629629629628,0.002007711470753184,0.1585122333393277,0.05833582626295826,0.9402743000052093,0.48793005683363394,,0.0,,0.0,,0.0,,0.0,0.020126128695911003,0.021888280877922054,0.00043917611123308443,0.00024257269350639669
spambase,implicit_zero_logreg,implicit_zero,logreg,4,16,2.25,balanced,3,0.8622222222222223,0.01782112770260604,0.8622222222222223,0.01782112770260604,0.8573246137279279,0.020038494675405683,0.9271037037037037,0.005629961003892433,0.03195763332769275,0.019673145520159748,0.9402743000052093,0.48793005683363394,,0.0,,0.0,,0.0,,0.0,0.020126128695911003,0.021888280877922054,0.00043917611123308443,0.00024257269350639669
spambase,mrbi_balanced_logreg,mrbi_balanced,logreg,4,16,2.25,balanced,3,0.8622222222222223,0.014938144066387528,0.8622222222222223,0.014938144066387493,0.8571526818831319,0.0173754981421545,0.9268629629629629,0.004530341242064161,0.020625633323409904,0.01827320204215141,155.62190493334006,119.50374526945288,0.24500000000000002,0.23383279876394114,0.14444444444444446,0.12662645560568794,0.015595864647932308,0.018172622190094564,0.0824415579999105,0.0594985133085724,,0.0,,0.0
spambase,mrbi_light_logreg,mrbi_light,logreg,4,16,2.25,light,3,0.8622222222222223,0.01635825762703939,0.8622222222222221,0.01635825762703942,0.8571545480439765,0.01869913885949964,0.9270037037037037,0.0051286213743701875,0.01288383332818436,0.0027862569863398227,67.49895193333698,61.58326053323611,0.2288888888888889,0.23307326776820234,0.12611111111111112,0.12508145494185127,0.01547347248712482,0.01767413680811157,0.035384065389581436,0.03327965740381329,,0.0,,0.0
spambase,mrbi_balanced_qnn,mrbi_balanced,qnn,4,16,2.25,balanced,3,0.8538888888888888,0.006309898162000284,0.8538888888888888,0.006309898162000284,0.8526928229342055,0.011719390503634484,0.9230222222222221,0.007001772262421512,1495.1647404666776,276.38953212378925,155.62190493334006,119.50374526945288,0.24500000000000002,0.23383279876394114,0.14444444444444446,0.12662645560568794,0.015595864647932308,0.018172622190094564,0.0824415579999105,0.0594985133085724,,0.0,,0.0
spambase,mrbi_light_qnn,mrbi_light,qnn,4,16,2.25,light,3,0.8533333333333334,0.027537852736430533,0.8533333333333334,0.027537852736430533,0.845515935698219,0.0407376290391946,0.9208259259259259,0.012963025925772984,1497.5248706999992,242.59750117299237,67.49895193333698,61.58326053323611,0.2288888888888889,0.23307326776820234,0.12611111111111112,0.12508145494185127,0.01547347248712482,0.01767413680811157,0.035384065389581436,0.03327965740381329,,0.0,,0.0
spambase,implicit_zero_qnn,implicit_zero,qnn,4,16,2.25,balanced,3,0.851111111111111,0.028496263562738117,0.851111111111111,0.028496263562738117,0.8422550575836576,0.037328774987811605,0.9224740740740741,0.0022066491364787634,1528.9605484666827,173.2262330086223,0.9402743000052093,0.48793005683363394,,0.0,,0.0,,0.0,,0.0,0.020126128695911003,0.021888280877922054,0.00043917611123308443,0.00024257269350639669
